[
  {
    "inputs": [
      {
        "internalType": "address",
        "name": "target",
        "type": "address"
      }
    ],
    "name": "AddressEmptyCode",
    "type": "error"
  },
  {
    "inputs": [],
    "name": "AlreadyMinted",
    "type": "error"
  },
  {
    "inputs": [],
    "name": "ECDSAInvalidSignature",
    "type": "error"
  },
  {
    "inputs": [
      {
        "internalType": "uint256",
        "name": "length",
        "type": "uint256"
      }
    ],
    "name": "ECDSAInvalidSignatureLength",
    "type": "error"
  },
  {
    "inputs": [
      {
        "internalType": "bytes32",
        "name": "s",
        "type": "bytes32"
      }
    ],
    "name": "ECDSAInvalidSignatureS",
    "type": "error"
  },
  {
    "inputs": [
      {
        "internalType": "address",
        "name": "implementation",
        "type": "address"
      }
    ],
    "name": "ERC1967InvalidImplementation",
    "type": "error"
  },
  {
    "inputs": [],
    "name": "ERC1967NonPayable",
    "type": "error"
  },
  {
    "inputs": [],
    "name": "EnforcedPause",
    "type": "error"
  },
  {
    "inputs": [],
    "name": "ExpectedPause",
    "type": "error"
  },
  {
    "inputs": [],
    "name": "FailedCall",
    "type": "error"
  },
  {
    "inputs": [],
    "name": "InsufficientClaimFee",
    "type": "error"
  },
  {
    "inputs": [],
    "name": "InsufficientPayment",
    "type": "error"
  },
  {
    "inputs": [],
    "name": "InvalidAddress",
    "type": "error"
  },
  {
    "inputs": [],
    "name": "InvalidArgument",
    "type": "error"
  },
  {
    "inputs": [],
    "name": "InvalidErc20FeeRequirementArguments",
    "type": "error"
  },
  {
    "inputs": [],
    "name": "InvalidInitialization",
    "type": "error"
  },
  {
    "inputs": [],
    "name": "InvalidSignature",
    "type": "error"
  },
  {
    "inputs": [],
    "name": "LengthMismatch",
    "type": "error"
  },
  {
    "inputs": [],
    "name": "NotInitializing",
    "type": "error"
  },
  {
    "inputs": [],
    "name": "NotTheOwner",
    "type": "error"
  },
  {
    "inputs": [],
    "name": "OnlyCampaignSetter",
    "type": "error"
  },
  {
    "inputs": [
      {
        "internalType": "address",
        "name": "owner",
        "type": "address"
      }
    ],
    "name": "OwnableInvalidOwner",
    "type": "error"
  },
  {
    "inputs": [
      {
        "internalType": "address",
        "name": "account",
        "type": "address"
      }
    ],
    "name": "OwnableUnauthorizedAccount",
    "type": "error"
  },
  {
    "inputs": [],
    "name": "ReachedCapLimit",
    "type": "error"
  },
  {
    "inputs": [
      {
        "internalType": "address",
        "name": "token",
        "type": "address"
      }
    ],
    "name": "SafeERC20FailedOperation",
    "type": "error"
  },
  {
    "inputs": [],
    "name": "TransferClaimFeeFailed",
    "type": "error"
  },
  {
    "inputs": [],
    "name": "TransferFailed",
    "type": "error"
  },
  {
    "inputs": [],
    "name": "TransferPlatformFeeFailed",
    "type": "error"
  },
  {
    "inputs": [],
    "name": "UUPSUnauthorizedCallContext",
    "type": "error"
  },
  {
    "inputs": [
      {
        "internalType": "bytes32",
        "name": "slot",
        "type": "bytes32"
      }
    ],
    "name": "UUPSUnsupportedProxiableUUID",
    "type": "error"
  },
  {
    "anonymous": false,
    "inputs": [],
    "name": "EIP712DomainChanged",
    "type": "event"
  },
  {
    "anonymous": false,
    "inputs": [
      {
        "indexed": false,
        "internalType": "uint256",
        "name": "_cid",
        "type": "uint256"
      }
    ],
    "name": "EventActivateCampaign",
    "type": "event"
  },
  {
    "anonymous": false,
    "inputs": [
      {
        "indexed": false,
        "internalType": "uint256",
        "name": "_cid",
        "type": "uint256"
      },
      {
        "indexed": false,
        "internalType": "uint256",
        "name": "_dummyId",
        "type": "uint256"
      },
      {
        "indexed": false,
        "internalType": "uint256",
        "name": "_nftID",
        "type": "uint256"
      },
      {
        "indexed": false,
        "internalType": "contract IStarNFT",
        "name": "_starNFT",
        "type": "address"
      },
      {
        "indexed": false,
        "internalType": "address",
        "name": "_sender",
        "type": "address"
      },
      {
        "indexed": false,
        "internalType": "uint256",
        "name": "_claimFeeAmount",
        "type": "uint256"
      }
    ],
    "name": "EventClaim",
    "type": "event"
  },
  {
    "anonymous": false,
    "inputs": [
      {
        "indexed": false,
        "internalType": "uint256",
        "name": "_cid",
        "type": "uint256"
      },
      {
        "indexed": false,
        "internalType": "uint256[]",
        "name": "_dummyIdArr",
        "type": "uint256[]"
      },
      {
        "indexed": false,
        "internalType": "uint256[]",
        "name": "_nftIDArr",
        "type": "uint256[]"
      },
      {
        "indexed": false,
        "internalType": "contract IStarNFT",
        "name": "_starNFT",
        "type": "address"
      },
      {
        "indexed": false,
        "internalType": "address",
        "name": "_sender",
        "type": "address"
      },
      {
        "indexed": false,
        "internalType": "uint256",
        "name": "_claimFeeAmount",
        "type": "uint256"
      }
    ],
    "name": "EventClaimBatch",
    "type": "event"
  },
  {
    "anonymous": false,
    "inputs": [
      {
        "indexed": false,
        "internalType": "uint256",
        "name": "_cid",
        "type": "uint256"
      },
      {
        "indexed": false,
        "internalType": "uint256[]",
        "name": "_dummyIdArr",
        "type": "uint256[]"
      },
      {
        "indexed": false,
        "internalType": "uint256[]",
        "name": "_nftIDArr",
        "type": "uint256[]"
      },
      {
        "indexed": false,
        "internalType": "contract IStarNFT",
        "name": "_starNFT",
        "type": "address"
      },
      {
        "indexed": false,
        "internalType": "address",
        "name": "_sender",
        "type": "address"
      },
      {
        "indexed": false,
        "internalType": "uint256",
        "name": "_minted",
        "type": "uint256"
      },
      {
        "indexed": false,
        "internalType": "uint256",
        "name": "_cap",
        "type": "uint256"
      },
      {
        "indexed": false,
        "internalType": "uint256",
        "name": "_claimFeeAmount",
        "type": "uint256"
      }
    ],
    "name": "EventClaimBatchCapped",
    "type": "event"
  },
  {
    "anonymous": false,
    "inputs": [
      {
        "indexed": false,
        "internalType": "uint256",
        "name": "_cid",
        "type": "uint256"
      },
      {
        "indexed": false,
        "internalType": "uint256",
        "name": "_dummyId",
        "type": "uint256"
      },
      {
        "indexed": false,
        "internalType": "uint256",
        "name": "_nftID",
        "type": "uint256"
      },
      {
        "indexed": false,
        "internalType": "contract IStarNFT",
        "name": "_starNFT",
        "type": "address"
      },
      {
        "indexed": false,
        "internalType": "address",
        "name": "_sender",
        "type": "address"
      },
      {
        "indexed": false,
        "internalType": "uint256",
        "name": "_minted",
        "type": "uint256"
      },
      {
        "indexed": false,
        "internalType": "uint256",
        "name": "_cap",
        "type": "uint256"
      },
      {
        "indexed": false,
        "internalType": "uint256",
        "name": "_claimFeeAmount",
        "type": "uint256"
      }
    ],
    "name": "EventClaimCapped",
    "type": "event"
  },
  {
    "anonymous": false,
    "inputs": [
      {
        "indexed": false,
        "internalType": "uint256",
        "name": "_cid",
        "type": "uint256"
      },
      {
        "indexed": false,
        "internalType": "uint256",
        "name": "_dummyId",
        "type": "uint256"
      },
      {
        "indexed": false,
        "internalType": "uint256",
        "name": "_nftID",
        "type": "uint256"
      },
      {
        "indexed": false,
        "internalType": "contract IStarNFT",
        "name": "_starNFT",
        "type": "address"
      },
      {
        "indexed": false,
        "internalType": "address",
        "name": "_sender",
        "type": "address"
      },
      {
        "indexed": false,
        "internalType": "uint256",
        "name": "_claimFeeAmount",
        "type": "uint256"
      }
    ],
    "name": "EventForge",
    "type": "event"
  },
  {
    "anonymous": false,
    "inputs": [
      {
        "indexed": false,
        "internalType": "uint64",
        "name": "version",
        "type": "uint64"
      }
    ],
    "name": "Initialized",
    "type": "event"
  },
  {
    "anonymous": false,
    "inputs": [
      {
        "indexed": true,
        "internalType": "address",
        "name": "previousOwner",
        "type": "address"
      },
      {
        "indexed": true,
        "internalType": "address",
        "name": "newOwner",
        "type": "address"
      }
    ],
    "name": "OwnershipTransferStarted",
    "type": "event"
  },
  {
    "anonymous": false,
    "inputs": [
      {
        "indexed": true,
        "internalType": "address",
        "name": "previousOwner",
        "type": "address"
      },
      {
        "indexed": true,
        "internalType": "address",
        "name": "newOwner",
        "type": "address"
      }
    ],
    "name": "OwnershipTransferred",
    "type": "event"
  },
  {
    "anonymous": false,
    "inputs": [
      {
        "indexed": false,
        "internalType": "address",
        "name": "account",
        "type": "address"
      }
    ],
    "name": "Paused",
    "type": "event"
  },
  {
    "anonymous": false,
    "inputs": [
      {
        "indexed": false,
        "internalType": "address",
        "name": "account",
        "type": "address"
      }
    ],
    "name": "Unpaused",
    "type": "event"
  },
  {
    "anonymous": false,
    "inputs": [
      {
        "indexed": true,
        "internalType": "address",
        "name": "implementation",
        "type": "address"
      }
    ],
    "name": "Upgraded",
    "type": "event"
  },
  {
    "stateMutability": "payable",
    "type": "fallback"
  },
  {
    "inputs": [],
    "name": "UPGRADE_INTERFACE_VERSION",
    "outputs": [
      {
        "internalType": "string",
        "name": "",
        "type": "string"
      }
    ],
    "stateMutability": "view",
    "type": "function"
  },
  {
    "inputs": [],
    "name": "acceptOwnership",
    "outputs": [],
    "stateMutability": "nonpayable",
    "type": "function"
  },
  {
    "inputs": [
      {
        "internalType": "uint256",
        "name": "_cid",
        "type": "uint256"
      },
      {
        "internalType": "uint256",
        "name": "_platformFee",
        "type": "uint256"
      },
      {
        "internalType": "uint256",
        "name": "_erc20Fee",
        "type": "uint256"
      },
      {
        "internalType": "address",
        "name": "_erc20",
        "type": "address"
      }
    ],
    "name": "activateCampaign",
    "outputs": [],
    "stateMutability": "nonpayable",
    "type": "function"
  },
  {
    "inputs": [
      {
        "internalType": "uint256",
        "name": "",
        "type": "uint256"
      }
    ],
    "name": "campaignFeeConfigs",
    "outputs": [
      {
        "internalType": "address",
        "name": "erc20",
        "type": "address"
      },
      {
        "internalType": "uint256",
        "name": "erc20Fee",
        "type": "uint256"
      },
      {
        "internalType": "uint256",
        "name": "platformFee",
        "type": "uint256"
      }
    ],
    "stateMutability": "view",
    "type": "function"
  },
  {
    "inputs": [],
    "name": "campaignSetter",
    "outputs": [
      {
        "internalType": "address",
        "name": "",
        "type": "address"
      }
    ],
    "stateMutability": "view",
    "type": "function"
  },
  {
    "inputs": [
      {
        "internalType": "uint256",
        "name": "_cid",
        "type": "uint256"
      },
      {
        "internalType": "contract IStarNFT",
        "name": "_starNFT",
        "type": "address"
      },
      {
        "internalType": "uint256",
        "name": "_dummyId",
        "type": "uint256"
      },
      {
        "internalType": "uint256",
        "name": "_powah",
        "type": "uint256"
      },
      {
        "internalType": "address",
        "name": "_mintTo",
        "type": "address"
      },
      {
        "internalType": "uint256",
        "name": "_claimFeeAmount",
        "type": "uint256"
      },
      {
        "internalType": "bytes",
        "name": "_signature",
        "type": "bytes"
      }
    ],
    "name": "claim",
    "outputs": [],
    "stateMutability": "payable",
    "type": "function"
  },
  {
    "inputs": [
      {
        "internalType": "uint256",
        "name": "_cid",
        "type": "uint256"
      },
      {
        "internalType": "contract IStarNFT",
        "name": "_starNFT",
        "type": "address"
      },
      {
        "internalType": "uint256",
        "name": "_dummyId",
        "type": "uint256"
      },
      {
        "internalType": "uint256",
        "name": "_powah",
        "type": "uint256"
      },
      {
        "internalType": "uint256",
        "name": "_claimFeeAmount",
        "type": "uint256"
      },
      {
        "internalType": "bytes",
        "name": "_signature",
        "type": "bytes"
      }
    ],
    "name": "claim",
    "outputs": [],
    "stateMutability": "payable",
    "type": "function"
  },
  {
    "inputs": [
      {
        "internalType": "uint256",
        "name": "_cid",
        "type": "uint256"
      },
      {
        "internalType": "contract IStarNFT",
        "name": "_starNFT",
        "type": "address"
      },
      {
        "internalType": "uint256[]",
        "name": "_dummyIdArr",
        "type": "uint256[]"
      },
      {
        "internalType": "uint256[]",
        "name": "_powahArr",
        "type": "uint256[]"
      },
      {
        "internalType": "address",
        "name": "_mintTo",
        "type": "address"
      },
      {
        "internalType": "uint256",
        "name": "_claimFeeAmount",
        "type": "uint256"
      },
      {
        "internalType": "bytes",
        "name": "_signature",
        "type": "bytes"
      }
    ],
    "name": "claimBatch",
    "outputs": [],
    "stateMutability": "payable",
    "type": "function"
  },
  {
    "inputs": [
      {
        "internalType": "uint256",
        "name": "_cid",
        "type": "uint256"
      },
      {
        "internalType": "contract IStarNFT",
        "name": "_starNFT",
        "type": "address"
      },
      {
        "internalType": "uint256[]",
        "name": "_dummyIdArr",
        "type": "uint256[]"
      },
      {
        "internalType": "uint256[]",
        "name": "_powahArr",
        "type": "uint256[]"
      },
      {
        "internalType": "uint256",
        "name": "_claimFeeAmount",
        "type": "uint256"
      },
      {
        "internalType": "bytes",
        "name": "_signature",
        "type": "bytes"
      }
    ],
    "name": "claimBatch",
    "outputs": [],
    "stateMutability": "payable",
    "type": "function"
  },
  {
    "inputs": [
      {
        "internalType": "uint256",
        "name": "_cid",
        "type": "uint256"
      },
      {
        "internalType": "contract IStarNFT",
        "name": "_starNFT",
        "type": "address"
      },
      {
        "internalType": "uint256[]",
        "name": "_dummyIdArr",
        "type": "uint256[]"
      },
      {
        "internalType": "uint256[]",
        "name": "_powahArr",
        "type": "uint256[]"
      },
      {
        "internalType": "uint256",
        "name": "_cap",
        "type": "uint256"
      },
      {
        "internalType": "uint256",
        "name": "_claimFeeAmount",
        "type": "uint256"
      },
      {
        "internalType": "bytes",
        "name": "_signature",
        "type": "bytes"
      }
    ],
    "name": "claimBatchCapped",
    "outputs": [],
    "stateMutability": "payable",
    "type": "function"
  },
  {
    "inputs": [
      {
        "internalType": "uint256",
        "name": "_cid",
        "type": "uint256"
      },
      {
        "internalType": "contract IStarNFT",
        "name": "_starNFT",
        "type": "address"
      },
      {
        "internalType": "uint256[]",
        "name": "_dummyIdArr",
        "type": "uint256[]"
      },
      {
        "internalType": "uint256[]",
        "name": "_powahArr",
        "type": "uint256[]"
      },
      {
        "internalType": "uint256",
        "name": "_cap",
        "type": "uint256"
      },
      {
        "internalType": "address",
        "name": "_mintTo",
        "type": "address"
      },
      {
        "internalType": "uint256",
        "name": "_claimFeeAmount",
        "type": "uint256"
      },
      {
        "internalType": "bytes",
        "name": "_signature",
        "type": "bytes"
      }
    ],
    "name": "claimBatchCapped",
    "outputs": [],
    "stateMutability": "payable",
    "type": "function"
  },
  {
    "inputs": [
      {
        "internalType": "uint256",
        "name": "_cid",
        "type": "uint256"
      },
      {
        "internalType": "contract IStarNFT",
        "name": "_starNFT",
        "type": "address"
      },
      {
        "internalType": "uint256",
        "name": "_dummyId",
        "type": "uint256"
      },
      {
        "internalType": "uint256",
        "name": "_powah",
        "type": "uint256"
      },
      {
        "internalType": "uint256",
        "name": "_cap",
        "type": "uint256"
      },
      {
        "internalType": "uint256",
        "name": "_claimFeeAmount",
        "type": "uint256"
      },
      {
        "internalType": "bytes",
        "name": "_signature",
        "type": "bytes"
      }
    ],
    "name": "claimCapped",
    "outputs": [],
    "stateMutability": "payable",
    "type": "function"
  },
  {
    "inputs": [
      {
        "internalType": "uint256",
        "name": "_cid",
        "type": "uint256"
      },
      {
        "internalType": "contract IStarNFT",
        "name": "_starNFT",
        "type": "address"
      },
      {
        "internalType": "uint256",
        "name": "_dummyId",
        "type": "uint256"
      },
      {
        "internalType": "uint256",
        "name": "_powah",
        "type": "uint256"
      },
      {
        "internalType": "uint256",
        "name": "_cap",
        "type": "uint256"
      },
      {
        "internalType": "address",
        "name": "_mintTo",
        "type": "address"
      },
      {
        "internalType": "uint256",
        "name": "_claimFeeAmount",
        "type": "uint256"
      },
      {
        "internalType": "bytes",
        "name": "_signature",
        "type": "bytes"
      }
    ],
    "name": "claimCapped",
    "outputs": [],
    "stateMutability": "payable",
    "type": "function"
  },
  {
    "inputs": [],
    "name": "eip712Domain",
    "outputs": [
      {
        "internalType": "bytes1",
        "name": "fields",
        "type": "bytes1"
      },
      {
        "internalType": "string",
        "name": "name",
        "type": "string"
      },
      {
        "internalType": "string",
        "name": "version",
        "type": "string"
      },
      {
        "internalType": "uint256",
        "name": "chainId",
        "type": "uint256"
      },
      {
        "internalType": "address",
        "name": "verifyingContract",
        "type": "address"
      },
      {
        "internalType": "bytes32",
        "name": "salt",
        "type": "bytes32"
      },
      {
        "internalType": "uint256[]",
        "name": "extensions",
        "type": "uint256[]"
      }
    ],
    "stateMutability": "view",
    "type": "function"
  },
  {
    "inputs": [
      {
        "internalType": "uint256",
        "name": "_cid",
        "type": "uint256"
      },
      {
        "internalType": "contract IStarNFT",
        "name": "_starNFT",
        "type": "address"
      },
      {
        "internalType": "uint256[]",
        "name": "_nftIDs",
        "type": "uint256[]"
      },
      {
        "internalType": "uint256",
        "name": "_dummyId",
        "type": "uint256"
      },
      {
        "internalType": "uint256",
        "name": "_powah",
        "type": "uint256"
      },
      {
        "internalType": "uint256",
        "name": "_claimFeeAmount",
        "type": "uint256"
      },
      {
        "internalType": "bytes",
        "name": "_signature",
        "type": "bytes"
      }
    ],
    "name": "forge",
    "outputs": [],
    "stateMutability": "payable",
    "type": "function"
  },
  {
    "inputs": [
      {
        "internalType": "uint256",
        "name": "_cid",
        "type": "uint256"
      },
      {
        "internalType": "contract IStarNFT",
        "name": "_starNFT",
        "type": "address"
      },
      {
        "internalType": "uint256[]",
        "name": "_nftIDs",
        "type": "uint256[]"
      },
      {
        "internalType": "uint256",
        "name": "_dummyId",
        "type": "uint256"
      },
      {
        "internalType": "uint256",
        "name": "_powah",
        "type": "uint256"
      },
      {
        "internalType": "address",
        "name": "_mintTo",
        "type": "address"
      },
      {
        "internalType": "uint256",
        "name": "_claimFeeAmount",
        "type": "uint256"
      },
      {
        "internalType": "bytes",
        "name": "_signature",
        "type": "bytes"
      }
    ],
    "name": "forge",
    "outputs": [],
    "stateMutability": "payable",
    "type": "function"
  },
  {
    "inputs": [
      {
        "internalType": "uint256",
        "name": "_dummyId",
        "type": "uint256"
      }
    ],
    "name": "hasClaimed",
    "outputs": [
      {
        "internalType": "bool",
        "name": "",
        "type": "bool"
      }
    ],
    "stateMutability": "view",
    "type": "function"
  },
  {
    "inputs": [
      {
        "internalType": "address",
        "name": "_initialOwner",
        "type": "address"
      },
      {
        "internalType": "address",
        "name": "_signer",
        "type": "address"
      },
      {
        "internalType": "address",
        "name": "_campaignSetter",
        "type": "address"
      },
      {
        "internalType": "address",
        "name": "_treasurer",
        "type": "address"
      }
    ],
    "name": "initialize",
    "outputs": [],
    "stateMutability": "nonpayable",
    "type": "function"
  },
  {
    "inputs": [
      {
        "internalType": "uint256",
        "name": "",
        "type": "uint256"
      }
    ],
    "name": "numMinted",
    "outputs": [
      {
        "internalType": "uint256",
        "name": "",
        "type": "uint256"
      }
    ],
    "stateMutability": "view",
    "type": "function"
  },
  {
    "inputs": [],
    "name": "owner",
    "outputs": [
      {
        "internalType": "address",
        "name": "",
        "type": "address"
      }
    ],
    "stateMutability": "view",
    "type": "function"
  },
  {
    "inputs": [],
    "name": "pause",
    "outputs": [],
    "stateMutability": "nonpayable",
    "type": "function"
  },
  {
    "inputs": [],
    "name": "paused",
    "outputs": [
      {
        "internalType": "bool",
        "name": "",
        "type": "bool"
      }
    ],
    "stateMutability": "view",
    "type": "function"
  },
  {
    "inputs": [],
    "name": "pendingOwner",
    "outputs": [
      {
        "internalType": "address",
        "name": "",
        "type": "address"
      }
    ],
    "stateMutability": "view",
    "type": "function"
  },
  {
    "inputs": [],
    "name": "proxiableUUID",
    "outputs": [
      {
        "internalType": "bytes32",
        "name": "",
        "type": "bytes32"
      }
    ],
    "stateMutability": "view",
    "type": "function"
  },
  {
    "inputs": [],
    "name": "renounceOwnership",
    "outputs": [],
    "stateMutability": "nonpayable",
    "type": "function"
  },
  {
    "inputs": [
      {
        "internalType": "address",
        "name": "_campaignSetter",
        "type": "address"
      }
    ],
    "name": "setCampaignSetter",
    "outputs": [],
    "stateMutability": "nonpayable",
    "type": "function"
  },
  {
    "inputs": [
      {
        "internalType": "address",
        "name": "_signer",
        "type": "address"
      }
    ],
    "name": "setSigner",
    "outputs": [],
    "stateMutability": "nonpayable",
    "type": "function"
  },
  {
    "inputs": [
      {
        "internalType": "address",
        "name": "_treasurer",
        "type": "address"
      }
    ],
    "name": "setTreasurer",
    "outputs": [],
    "stateMutability": "nonpayable",
    "type": "function"
  },
  {
    "inputs": [],
    "name": "signer",
    "outputs": [
      {
        "internalType": "address",
        "name": "",
        "type": "address"
      }
    ],
    "stateMutability": "view",
    "type": "function"
  },
  {
    "inputs": [
      {
        "internalType": "address",
        "name": "newOwner",
        "type": "address"
      }
    ],
    "name": "transferOwnership",
    "outputs": [],
    "stateMutability": "nonpayable",
    "type": "function"
  },
  {
    "inputs": [],
    "name": "treasurer",
    "outputs": [
      {
        "internalType": "address",
        "name": "",
        "type": "address"
      }
    ],
    "stateMutability": "view",
    "type": "function"
  },
  {
    "inputs": [],
    "name": "unpause",
    "outputs": [],
    "stateMutability": "nonpayable",
    "type": "function"
  },
  {
    "inputs": [
      {
        "internalType": "address",
        "name": "newImplementation",
        "type": "address"
      },
      {
        "internalType": "bytes",
        "name": "data",
        "type": "bytes"
      }
    ],
    "name": "upgradeToAndCall",
    "outputs": [],
    "stateMutability": "payable",
    "type": "function"
  },
  {
    "stateMutability": "payable",
    "type": "receive"
  }
]