[
  {
    "inputs": [
      {
        "internalType": "address",
        "name": "_weth",
        "type": "address"
      },
      {
        "internalType": "address",
        "name": "_oft",
        "type": "address"
      },
      {
        "internalType": "address",
        "name": "_universalRouter",
        "type": "address"
      }
    ],
    "stateMutability": "nonpayable",
    "type": "constructor"
  },
  {
    "inputs": [],
    "name": "oft",
    "outputs": [
      {
        "internalType": "contract IOFTCore",
        "name": "",
        "type": "address"
      }
    ],
    "stateMutability": "view",
    "type": "function"
  },
  {
    "inputs": [],
    "name": "poolFee",
    "outputs": [
      {
        "internalType": "uint24",
        "name": "",
        "type": "uint24"
      }
    ],
    "stateMutability": "view",
    "type": "function"
  },
  {
    "inputs": [
      {
        "internalType": "uint256",
        "name": "amountIn",
        "type": "uint256"
      },
      {
        "internalType": "uint256",
        "name": "amountOutMin",
        "type": "uint256"
      },
      {
        "internalType": "uint16",
        "name": "dstChainId",
        "type": "uint16"
      },
      {
        "internalType": "address",
        "name": "to",
        "type": "address"
      },
      {
        "internalType": "address payable",
        "name": "refundAddress",
        "type": "address"
      },
      {
        "internalType": "address",
        "name": "zroPaymentAddress",
        "type": "address"
      },
      {
        "internalType": "bytes",
        "name": "adapterParams",
        "type": "bytes"
      }
    ],
    "name": "swapAndBridge",
    "outputs": [],
    "stateMutability": "payable",
    "type": "function"
  },
  {
    "inputs": [],
    "name": "universalRouter",
    "outputs": [
      {
        "internalType": "contract IUniversalRouter",
        "name": "",
        "type": "address"
      }
    ],
    "stateMutability": "view",
    "type": "function"
  },
  {
    "inputs": [],
    "name": "weth",
    "outputs": [
      {
        "internalType": "address",
        "name": "",
        "type": "address"
      }
    ],
    "stateMutability": "view",
    "type": "function"
  }
]